movie_A,movie_B,target
27022,506072,0
9502,140300,1
1259102,933131,0
205596,210577,1
487291,1023922,0
516729,346648,1
42801,8690,0
68721,75612,1
207,783,1
19995,49026,1
37165,1624,1
36669,710,1
58,285,1
10681,585,1
11469,14148,0
49051,87827,1
603,604,1
933260,1064213,1
44800,56340,0
975511,14782,0
700,698,1
836225,331836,0
679,8078,1
19959,353571,0
10706,13911,0
954,956,1
954,56292,1
206647,658,1
1032823,402693,0
5820,38535,0
1372,227159,0
14819,1933,0
802443,50619,0
767,673,1
62,4437,1
37724,36669,1
437031,1010600,0
385687,697843,1
36557,700,1
785985,606154,0
810,809,1
1022789,519182,1
968051,593,0
10191,166428,1
1078605,1125257,1
621013,744857,0
57825,9350,0
17058,78381,0
823610,24546,0
12445,675,1
7278,508003,0
101,18,1
652,161,1
20352,82690,1
1064307,1093237,1
38757,109445,1
1234821,755898,1
110415,1255,1
101299,131634,1
181808,1891,1
137113,638507,0
438631,9100,0
27022,803700,0
271110,100402,1
14160,1417,1
372058,568160,1
283995,263115,1
250546,396422,1
288281,456611,0
38757,82881,1
5651,40072,0
574475,55779,1
252164,962192,0
272,364,1
390520,35402,0
1022789,150540,1
1368,522938,1
434555,221732,0
1078605,1035259,1
1125257,16969,1
102382,559,1
134411,58151,0
500259,27578,0
22,166426,1
522681,666277,0
38,4348,1
18785,109439,1
609681,299537,1
236028,774714,0
718930,760161,1
296098,414191,0
315162,505642,1
360920,446894,1
772973,2757,0
285,166426,1
447273,950387,1
630,252,1
760329,1114967,1
9806,2062,1
1078605,1242011,1
48650,715239,0
661930,1172648,0
479,486131,1
486131,87502,0
296096,249164,1
1011477,1287536,1
14845,460648,0
336560,9825,1
1242898,169,1
615457,578701,1
558449,845781,1
12509,242512,0
36669,700,1
1995,14795,0
385687,168259,1
317952,122369,0
293660,383498,1
786892,9659,1
1987,256835,0
360920,13377,1
10193,863,1
436387,285812,0
585,62211,1
2330,2334,1
109428,32536,0
12155,13885,1
511322,1441563,0
617126,1263256,1
1803,129670,0
106646,281957,1
19995,76600,1
675,767,1
216015,222935,1
979660,39893,0
19912,9286,1
297762,464052,1
238,278,1
742391,611468,0
244786,73,1
10193,862,1
39254,8373,1
105,196,1
98,558449,1
15258,1410082,0
12,920,1
45650,3635,0
797946,11698,0
9502,49444,1
508965,295151,1
696374,9562,0
17979,14813,1
10764,699,1
616037,718930,1
1305194,10347,0
5689,28118,0
49980,1721,0
458737,23827,0
10406,86759,0
1071585,1234821,1
1216452,1097311,0
10195,76338,1
8587,9732,1
385687,713704,1
11489,355066,0
396535,410199,1
82695,309809,0
615453,635389,1
10794,241554,0
10303,36096,0
39254,49529,1
207703,476669,1
950396,777443,1
402431,1241982,1
16071,14262,0
1214931,753342,1
312221,58428,0
11932,10585,1
2493,414191,0
1011477,11231,1
330457,460793,1
315635,297762,1
10780,36670,0
675,12445,1
1100782,882598,1
432787,44853,0
673,674,1
170657,527776,0
57800,950,1
260514,49013,1
35114,116745,0
11324,106646,1
242,10264,1
926393,471856,0
198663,294254,1
700,714,1
456740,317560,0
597,671,1
766475,4922,0
364324,614292,0
497698,588228,1
497,155,1
941109,338969,1
157350,53182,1
425,8355,1
75656,72190,1
36670,700,1
451751,227159,0
152760,137094,1
38006,35796,0
249397,893712,0
447365,118340,1
1266798,40001,0
539972,290637,0
286554,653744,0
22970,12113,0
13991,916740,0
336560,18450,1
348893,15255,1
10937,373571,0
14836,3933,1
10484,127372,0
271110,100402,1
209112,246655,1
21972,11411,0
508965,611207,1
845781,1357633,1
664413,448194,0
216015,341174,1
795813,339994,0
524047,602211,1
13728,483906,0
156022,345887,1
76341,9659,1
364,268,1
4327,9471,1
2118,33,1
146216,39514,1
227700,28942,0
6977,275,1
1885,11231,1
417320,974262,1
36557,206647,1
60670,3604,0
699,700,1
829557,829560,1
869,61791,1
933260,1184918,1
4247,4248,1
9877,36351,0
454467,216919,0
10764,36643,1
1585,20334,1
5485,28032,0
533535,957452,1
408873,59965,0
350,11631,1
346364,49018,1
624779,643,0
36670,710,1
214314,44683,0
76163,27578,1
62,935,1
812,10020,1
238,240,1
715239,43469,0
75258,13179,1
756999,760104,1
594634,86597,0
1376434,870028,1
604079,152532,0
4482,374720,0
281338,61791,1
4348,58431,1
1209290,9800,0
49040,2503,1
8840,666750,1
578,17692,1
939243,1160956,1
1621,9080,1
411,10140,1
575264,955,1
1038392,138843,1
634649,429617,1
10719,8871,1
281338,315635,1
696506,1195506,1
425,950,1
36643,698,1
37165,38,1
334532,44435,0
14237,8488,0
758330,34583,0
808,425,1
36643,714,1
402,401698,0
11174,512195,0
505642,774752,1
1294203,1078600,1
581032,36142,0
619594,454549,0
1124641,490033,0
91314,329103,0
448119,495764,1
1863,345875,0
118,162,1
419680,274167,1
1621,9602,1
9981,13389,0
36643,657,1
675,674,1
11,1892,1
21925,52286,0
26593,403587,0
356486,1222248,0
157350,262500,1
11910,54075,0
49521,30072,0
203,19288,0
85,217,1
321612,150689,1
843527,937287,1
356199,8923,0
701387,1069905,1
34796,11183,0
400155,585083,1
94196,74747,0
49026,155,1
293660,271110,1
75656,75612,1
9479,3933,1
157336,27205,1
336222,158015,0
8066,848538,0
10184,20662,0
937941,1517772,1
1155281,17740,1
574284,10404,0
479,482,1
374416,18305,0
976573,569094,1
501633,40649,0
423612,1946,0
12,9806,1
120,27205,1
92060,1908,0
10138,68721,1
812583,475557,1
950387,1045938,1
436387,57214,0
338953,338952,1
756,7916,0
8961,1019404,0
9666,804095,0
823625,8217,0
353081,956,1
36557,36643,1
39105,55650,0
7451,47971,1
18785,1271,1
1891,1893,1
86597,1352755,0
940551,933131,1
823464,1011985,1
135397,351286,1
256040,1045944,0
9044,1771,0
57158,101299,1
409502,10588,0
287948,15301,0
156022,345887,1
2062,810,1
1043565,87093,0
359410,856289,1
79082,71880,0
11,181808,1
17979,11283,1
1102776,12614,0
361743,616037,1
521029,396422,1
1011985,140300,1
7249,122192,0
1220564,346698,1
1175942,1064307,1
881,37233,1
756999,766507,1
767499,787699,0
102382,558,1
16325,283366,0
28178,203833,1
42164,14254,0
8966,50620,1
360920,404368,1
370172,657,1
497698,451048,1
1865,58,1
228150,106646,1
11184,345875,0
572,57834,0
399579,1008409,0
240,238,1
1242011,986097,1
2493,9493,1
533535,293660,1
9102,9056,0
290859,296,1
57800,278154,1
562,1573,1
810,10192,1
159824,76492,1
129,8392,1
417320,417320,1
410118,615677,0
696506,822119,1
1111873,967847,1
512195,370172,1
680813,21291,0
83533,11324,1
57158,49051,1
348893,38234,1
55861,15723,0
98,197,1
49051,47964,1
49787,86130,0
283995,297762,1
11045,25834,0
157336,78,1
15582,10744,0
9360,9825,1
542178,79082,0
372058,378064,1
101179,11476,0
603692,324552,1
533535,945961,1
899112,938008,1
271110,1771,1
502682,14643,1
12653,10048,0
569094,298618,1
507244,1328803,1
660,699,1
10138,1726,1
12090,11062,0
1087192,755898,1
49444,140300,1
424,857,1
1100988,1071585,1
49018,500006,0
802,535265,0
671,767,1
18239,24021,1
417859,414191,0
62206,152780,0
1775,927342,0
1000837,14123,0
31000,649,0
59457,5204,0
653346,823464,1
447365,298618,1
946706,64686,0
1410,397415,0
291413,15098,0
18785,55721,1
607,41154,1
9331,1022796,0
9672,535692,0
4232,934433,1
9647,11216,1
12445,767,1
1895,181808,1
15262,8968,1
496243,497,1
10437,14900,1
586742,10796,0
698,710,1
11679,838,0
168259,337339,1
22,1865,1
13475,54138,1
46146,20859,0
10193,49013,1
1138194,1106739,1
11705,823482,0
39254,19959,1
1084199,696506,1
608,41154,1
10202,11832,0
497828,581387,0
10543,50723,0
398818,391713,1
138843,423108,1
557,559,1
102651,24164,0
11395,19186,1
218,87101,1
14161,70981,1
519182,573435,1
1374,799379,0
983044,467012,0
31773,1098006,0
286217,253412,1
480414,13913,0
49013,62211,1
267860,117263,1
1373445,1987,0
118,252,1
1242898,34851,1
13510,22796,0
501630,602223,0
23273,49051,0
37135,15657,1
10177,10907,0
1010581,1156593,1
1029575,798021,1
1084736,956842,1
9568,517093,0
58767,26629,0
1593,181533,1
9025,520901,0
573435,799583,1
38575,11231,1
15121,13382,1
863,301528,1
163907,12665,0
260514,49013,1
77221,797946,0
1366,1374,1
573435,38700,1
290098,4550,1
362185,5921,0
18,602,1
1241436,1144430,1
12155,241259,1
102382,315635,1
670,4550,1
1197137,1422096,1
502356,603692,1
786892,8810,1
4283,414187,0
1087192,552524,1
19158,95,0
10191,585,1
888321,23202,0
959558,459950,0
11596,10870,0
310135,96648,0
1000837,11460,0
259963,21044,0
10585,65,0
698,657,1
109091,173727,0
497,637,1
37724,700,1
9479,14836,1
13771,1656,0
205596,190859,1
667538,1083862,1
9502,1011985,1
1266798,287524,0
575264,353081,1
866398,1212073,1
402431,1222248,1
293660,383498,1
20352,93456,1
1011477,16558,0
986056,749170,1
1571,1573,1
38365,59145,0
13576,579583,0
391626,1160164,0
1573,1571,1
795514,8461,0
14161,109431,1
803796,1422,0
370172,714,1
1062722,14168,1
102651,420809,1
229407,614,0
21044,421313,0
9660,10823,0
80,535389,0
11395,13767,1
10193,301528,1
14636,1242404,0
361743,507086,1
120,122,1
699,714,1
110398,271718,0
860852,257211,0
13161,347026,0
280,87101,1
514577,208763,0
326284,1059128,0
836225,271110,0
8681,260346,1
32985,80591,0
270946,10527,1
118,3933,1
333339,268896,1
8587,11430,1
49530,520679,0
674,12445,1
228150,72190,1
99861,168259,1
967582,406563,0
18862,10027,0
373571,124905,1
546554,661374,1
10564,11026,0
571,15213,0
571495,8005,0
118669,10429,0
269795,12277,0
10493,44629,0
87101,290859,1
207,60316,0
317091,44268,0
17886,333384,0
50620,50619,1
271110,1771,1
335984,78,1
12138,42297,0
17590,14976,0
518452,409520,0
11238,505,0
10045,684700,0
152760,192102,1
1011477,1061474,1
870028,302946,1
105,2108,1
616037,766507,1
99861,102899,1
354251,14012,0
12444,673,1
28118,36599,0
268896,303451,0
961268,8273,0
2978,620,1
1581,509,1
28571,1117857,0
13363,30949,0
546554,582014,1
700,657,1
411,674,1
206647,698,1
400155,76492,1
2268,906126,0
10195,10138,1
503838,830784,0
411,2454,1
74471,314095,0
10954,1096838,0
18550,109298,0
24469,75624,0
335984,364324,0
10913,16007,0
337167,341174,1
496243,466272,1
447365,15400,0
674,2359,0
9714,12536,1
267935,36239,0
953,80321,1
299536,99861,1
136797,570131,0
763215,634492,1
812583,1319965,0
57212,259963,0
205596,228150,1
665139,638507,0
9806,920,1
78215,11011,0
1126166,1084199,1
9488,13697,0
63197,21915,0
1282138,460399,0
26371,487083,0
6418,56149,1
9325,496096,0
454699,15846,0
10970,356191,0
10191,82702,1
1007734,1242434,1
375107,9796,0
496243,515001,1
109445,330457,1
101,207,1
1426776,1127110,1
614934,1000603,0
36557,667,1
231474,369230,0
10780,10060,0
425274,568091,1
10527,80321,1
786892,653346,1
10192,809,1
51191,11470,0
693134,1011985,1
660,710,1
46919,469916,0
299534,287947,1
159824,76492,1
76341,8810,1
866398,24662,0
51360,728118,0
22356,558655,0
12653,49370,0
593910,19277,0
448432,5549,0
447365,283995,1
1456349,1356670,1
37347,241,0
152,542417,0
10719,5375,1
1103,571655,0
206647,37724,1
20352,324852,1
755437,515042,0
21610,2359,0
12444,12445,1
43947,357096,1
280,534,1
1495,1966,1
8355,278154,1
1114967,1139566,1
157350,222935,1
9027,199534,0
567646,361745,0
11282,10048,0
318279,15451,0
1241436,84105,0
157336,210577,1
284279,5000,0
32595,285387,0
12536,134375,1
10598,293670,0
9350,1819,0
284053,76338,1
77338,80278,1
562,1572,1
11283,11283,1
1151534,116776,0
396535,81481,1
209112,297761,1
896485,18387,0
748783,974262,1
10195,284053,1
8966,24021,1
672,673,1
1726,68721,1
13151,17487,0
9742,72334,0
9806,260513,1
102899,640146,1
12561,6593,1
937941,872585,1
603692,245891,1
2062,14160,1
675,12444,1
227877,73723,0
10133,5590,0
14629,19345,0
290098,670,1
2978,967847,1
863,10193,1
429617,324857,1
1130276,1134055,1
941109,1242404,1
1124,1422,1
169,34851,1
242,111,1
2503,324668,1
615457,567189,1
335984,343668,1
660262,206487,0
324786,376867,1
37645,316002,0
453395,616037,1
490004,8353,0
620,425909,1
23966,19084,0
39103,39108,1
115276,739990,0
9340,856,1
257211,35402,0
9096,1171640,0
17979,13189,1
423236,32318,0
44982,644831,0
348893,180894,1
50126,97020,0
288281,472674,0
38757,1091,0
38060,9466,0
18,98,1
269149,150540,1
4348,96724,1
260514,920,1
261860,363676,0
762509,608398,0
808,810,1
976573,724209,1
9564,1130276,0
910,204342,0
46738,35650,1
256092,381255,0
1015602,265177,0
569094,667538,1
769,103,1
808023,951470,1
399725,500852,0
12219,122369,0
672,12445,1
823219,850099,0
785759,9702,0
10402,9313,0
512195,524434,1
1371,1374,1
283995,315635,1
73454,23397,0
11096,25132,0
615453,663558,1
661374,1001865,1
146233,27644,0
9552,8643,1
425,774825,1
463843,19576,0
9024,787752,0
10339,25377,0
558449,402431,1
438631,566525,1
11137,385687,0
167575,7508,0
130593,845783,0
24428,37724,1
2300,9303,0
10190,16096,0
1366,1246,1
5255,17979,1
533535,519182,1
700391,736790,1
961484,392,0
615173,530254,1
133469,452557,0
9614,7085,0
127380,34583,0
1357633,49207,1
609681,787699,1
121,122,1
37327,291549,0
1017633,8077,0
120,121,1
912649,539972,1
936,354110,0
520901,51357,0
653346,929590,1
1049942,42297,0
198663,294254,1
140607,181808,1
757725,80,0
548,1015303,0
329865,11619,0
106,169,1
17610,42994,0
20526,97,1
46705,479718,0
808,10192,1
8681,260346,1
10764,206647,1
156022,9509,1
99861,24428,1
76341,135397,1
72387,9975,0
10192,13394,1
109445,38757,1
1029575,897087,1
103,769,1
11,140607,1
6023,61717,0
131631,131634,1
11360,1078600,0
287426,39206,0
484718,504172,0
46655,500916,0
20856,238751,0
4348,4584,1
9360,14863,1
857,98,1
533444,1406,0
13457,1210732,0
57158,1362,1
928,42008,0
425,278154,1
447365,774752,1
82525,40649,0
9333,48145,0
699,658,1
156022,254904,1
939243,1241982,1
298618,447365,1
724209,859,0
242,8996,1
382591,10823,0
1084199,62463,0
1007734,1151334,1
27945,65759,0
593035,126319,0
335983,580489,1
539972,939243,1
214314,358430,0
140607,1894,1
566451,598215,0
566039,442249,0
564,282035,1
1019404,656563,0
843527,1143319,1
438631,841,1
16764,56521,0
9366,9048,0
574475,1087192,1
1517772,371447,0
91314,1858,1
448119,508439,1
840326,717930,1
39254,13448,1
14161,1271,1
157289,1189198,0
537915,613504,1
335984,284053,1
808,809,1
484510,872542,0
507086,351286,1
262504,262500,1
744278,10986,0
152581,41387,0
11681,675319,0
568124,425909,1
13912,858015,0
527641,24655,0
10947,330459,0
1011477,1071585,1
8871,1249289,0
1261825,297222,1
12481,490132,0
52744,1975,0
8699,84892,0
163907,18,0
653346,61791,1
8920,10996,1
1151031,1242011,1
384500,401123,0
20441,1367,0
585,9806,1
453395,117,1
1116465,1361292,1
1097549,1000837,1
9919,300665,0
35,2062,1
1636,829038,0
9503,8965,0
1104845,9560,0
11036,10229,1
14160,10681,1
703745,10028,0
1196470,586353,0
12473,283445,0
558449,1156593,1
700391,948713,1
391,62838,0
7233,1081662,0
1241982,927342,1
38543,437,0
36670,699,1
76600,19995,1
50838,2313,0
361743,453395,1
113082,814776,0
152760,137106,1
53023,9994,0
550,603,1
1001026,27551,0
766507,629176,1
315635,559,1
36557,206647,1
765869,183662,0
601,4944,1
36670,5336,0
673,767,1
359410,634492,1
122917,49051,1
1007734,1035259,1
114958,964426,0
411,953,1
324552,458156,1
425274,291805,1
32308,285841,0
912649,1034541,1
523366,5482,0
13186,71672,1
12153,9600,1
671,672,1
826749,302429,0
268,414,1
36557,657,1
453350,940721,0
13373,286567,0
1155281,856289,1
83533,19995,1
35987,9620,0
9340,927,1
497698,566525,1
8905,87818,0
489,598,1
39254,59965,1
8966,50620,1
1290159,549509,1
24066,748230,0
106646,1422,1
84383,2455,0
953,10527,1
20423,75629,0
237,427989,0
272,49026,1
36670,36669,1
578,346364,1
68718,16869,1
136799,901362,1
634649,414906,1
346698,298618,1
572802,297802,1
238,424,1
11395,9021,1
43678,866463,0
598387,41517,0
812583,9480,1
607,608,1
10764,700,1
299534,299537,1
278878,579,0
25967,190859,0
76341,286217,1
829557,51482,1
983282,333386,0
267935,363676,0
578,1366,1
11,1894,1
475557,492188,1
1038392,604079,1
9994,277216,0
5825,11153,1
20766,562,1
169,440,1
260514,920,1
658,710,1
967941,402431,1
436969,497698,1
937941,597,1
372058,38142,1
980477,417670,0
296100,927107,0
454227,400650,0
51533,24584,0
15300,632727,0
9576,31007,0
38289,113,0
6524,296,0
419680,76812,1
9331,9869,1
1017163,955555,1
11011,37327,0
2118,629,1
215881,1719,0
616037,453395,1
574475,1233413,1
385687,455476,1
135397,329,1
37056,10656,0
941109,1245993,1
435577,189,0
155,272,1
49051,117263,1
18785,45243,1
85,329,1
11153,11418,1
353326,346651,0
629500,1151272,0
672322,602063,1
1967,2162,0
400155,260513,1
57158,109445,1
1037052,436969,0
297762,464052,1
675445,893723,1
345,3175,1
10510,13675,1
4552,16220,0
111,949,1
440249,18214,0
552524,1087192,1
765119,242582,0
83533,37165,1
931628,52699,0
13764,1579,0
429,391,1
409,11260,0
9482,21039,0
744,7520,1
611468,371865,0
497698,436969,1
285,166426,1
242,240,1
857,197,1
512195,734265,1
505642,315162,1
763164,496527,0
60575,9417,0
763215,359410,1
574475,9358,1
166428,82702,1
25475,75258,1
85038,10138,0
564,1735,1
272,49026,1
109513,284284,0
294254,336843,1
207,453,1
767825,89708,0
899082,347881,0
77338,13,1
83542,980477,0
37724,699,1
12,463800,0
299536,383498,1
9086,782,0
98,603,1
1010756,986097,1
351460,17710,0
8355,774825,1
37724,667,1
826,8392,0
150540,1022789,1
311,12819,0
16995,19213,0
25195,396774,0
940551,609681,1
769,524,1
50337,47608,0
693134,438631,1
198663,157350,1
1233413,1241436,1
171337,622855,0
274479,22804,0
162,377,1
546554,492188,1
760741,34152,0
127585,246655,1
562,942,1
47002,71672,0
385128,337339,1
8920,13700,1
9043,7131,0
27205,11324,1
166428,82702,1
1294203,1156593,1
1865,166426,1
281338,339964,1
413337,21874,0
1119878,1181540,1
1010581,174671,0
489418,41280,0
1241436,870028,1
98,218,1
574475,986056,1
43593,71668,1
36670,658,1
375846,53457,0
244786,210577,1
13614,1361,0
49013,62177,1
12536,9714,1
298618,1006462,1
604,624860,1
381284,10131,0
533533,1242419,1
12,259963,0
772,9714,1
24742,10015,0
1230393,315880,0
2486,11671,0
41054,9495,0
68721,24428,1
17264,14299,0
426063,939243,1
1830,42674,0
826510,4965,0
474350,475557,1
575265,644495,0
299536,299534,1
2501,324668,1
8871,13377,1
601,602,1
1054867,533533,1
129,128,1
15121,433,1
2312,1245993,0
256274,159824,0
32275,808023,0
17455,107257,0
791373,15356,0
10195,1771,1
346910,169,1
533535,1022789,1
11456,353571,0
911430,575265,1
1061474,1234821,1
367326,591,0
445651,803,0
808,810,1
280,861,1
675,672,1
77338,382591,1
80,76,1
1726,1724,1
755898,1311031,1
10591,9352,1
842033,9918,0
822119,696506,1
12144,760329,0
864370,547016,0
694,501170,1
535389,306943,0
674,672,1
12278,1662,0
1242011,1078605,1
97020,2623,0
109091,361745,0
4108,45699,0
72560,61821,0
183662,244506,0
13396,417261,0
125509,9902,1
425274,527774,1
23823,71672,1
8871,360920,1
50620,18239,1
49013,10193,1
7485,13121,1
1573,581,1
728526,246524,0
575264,575265,1
1098006,516486,0
85,87,1
345,802,1
187,189,1
652,616,1
1087192,1311031,1
312221,480530,1
73861,37169,1
1426776,1097311,1
209112,49521,1
11,1892,1
672,674,1
558449,1106739,1
435107,353728,0
101,807,1
12,585,1
766507,169,1
8698,400547,0
786892,614933,1
309,269100,0
400155,585083,1
36586,36648,1
931642,20941,0
476926,826,0
865,35032,0
1124127,1076364,0
1022787,1100988,1
293660,284052,1
137,1669,1
1100988,911430,1
660,658,1
453272,37707,0
425274,26686,0
9705,1239655,0
519182,1022789,1
9279,9268,1
10632,1246049,0
1087891,1249213,1
10803,508642,0
634528,408185,0
329996,227719,0
653346,1001311,1
537915,820525,1
1126166,950396,1
1138194,426063,1
45535,733317,0
524047,577922,1
1006911,5998,0
150689,70703,0
1581,9029,1
122917,120,1
1368,7555,1
504949,20638,0
106,957,1
272,155,1
398926,514921,0
17015,13949,1
2978,425909,1
948549,14220,0
809,10192,1
13466,57834,1
4564,22821,0
699,657,1
762441,166,0
280,679,1
1246,1374,1
939243,539972,1
504982,15647,0
453395,526896,1
945961,917496,1
9806,12,1
10588,1129598,0
639988,1062722,1
80591,58224,0
5753,421281,0
11565,309425,0
604360,10195,0
9286,896485,0
603692,385687,1
957752,480414,0
507086,329,1
414906,634649,1
291805,308531,1
490,449985,0
382597,13528,0
872585,792307,1
1259102,744276,1
38700,8961,1
85,335977,1
933260,945961,1
829560,664413,1
869,119450,1
26686,1771,0
106,865,1
626393,870518,0
899112,661374,1
84305,744857,0
7555,522938,1
653610,207774,0
658,667,1
294254,8699,0
541524,100402,0
210769,221732,0
787761,255,0
549294,59437,0
660,37724,1
807,629,1
209112,141052,1
694,62,1
77338,203833,1
18550,1307078,0
2486,623856,0
1865,58,1
259316,338953,1
8555,653346,0
899112,653851,1
425,8355,1
754934,75944,0
760104,760104,1
845781,762509,1
1010581,1147416,1
261037,718821,0
933260,1100782,1
1034541,420634,1
429,346,1
797838,38438,0
206647,714,1
508947,1900,0
674,767,1
748230,8011,0
710356,22172,0
9714,771,1
9738,1979,1
507089,10390,0
1007734,1078605,1
1220564,597,1
491283,37936,0
937941,105,1
106,34851,1
1159311,592350,1
8292,893086,0
138843,259693,1
23805,8456,0
196,856,1
1034062,19169,0
35796,12088,0
1111873,799583,1
853387,13690,0
1100988,1061474,1
1228246,507089,1
57158,122917,1
33,1010756,0
6620,20504,0
35025,62441,0
1573,1572,1
14517,604685,0
10134,13576,0
299534,447404,1
956502,11165,0
1071815,2105,0
345875,190859,0
1005331,9078,0
57825,9257,0
8329,313297,0
210577,244786,1
1234821,329,1
24,277,1
240,242,1
10383,378200,0
254128,8273,0
9279,5375,1
12599,239,0
6977,9693,1
747188,132923,0
10480,250066,0
1061990,921452,0
881,10139,1
107,100,1
1357633,845781,1
568124,11,0
10803,515816,0
23823,9902,1
210577,181886,1
36557,10764,1
428756,31011,0
863,9806,1
1955,401478,0
9355,1059073,0
557,558,1
22620,174751,0
660,667,1
573435,533535,1
8584,6038,1
111083,86328,0
1086747,762441,1
640,1907,1
346364,381283,1
671,767,1
693134,792307,1
181808,1892,1
2978,620,1
2654,47288,0
34184,3686,0
458305,68737,0
2109,5175,1
5255,594,1
7548,586742,0
13557,62441,0
1069905,475557,1
1726,68721,1
507086,438148,1
8681,12,1
16636,567748,0
809,810,1
489,207,1
11904,9843,0
1366,1371,1
10186,48243,0
13550,801335,0
1184918,933260,1
238,242,1
840430,792307,1
1492,238636,0
158015,442249,1
653346,119450,1
550,59967,1
546554,661374,1
91314,82702,1
336807,37021,0
512200,353486,1
10229,127585,0
2239,83533,0
426063,1097549,1
1261825,268,1
6877,665139,0
576845,280840,0
256766,16263,0
396535,293670,1
4247,4256,1
1242011,1083433,1
438631,550988,1
522,101907,0
19995,24428,1
6418,236028,1
26602,986070,0
417261,368940,0
1422096,1242419,1
539972,1160956,1
373571,531309,1
26141,17455,0
78381,818511,0
12238,962192,0
16869,1991,1
7451,11679,1
157336,118340,1
374416,10885,0
19912,9358,1
1966,1084863,0
1156593,1010581,1
1064213,1252309,1
10774,41211,0
21484,11706,0
166666,401981,0
36133,415311,0
20766,9355,1
85446,8005,0
9532,9358,1
870404,13296,0
12144,23282,0
474350,346364,1
624860,605,1
286217,102899,1
71,520763,0
1311031,755898,1
12155,12092,1
557,315635,1
448119,536869,1
507089,951491,1
101,615665,0
1241982,939243,1
257512,14170,0
36669,658,1
22244,10632,0
298,163,1
1410082,58767,1
23483,23631,1
9532,9286,1
1119878,659988,1
18826,76163,0
228150,190859,1
11363,500852,0
950387,574475,1
629017,214081,0
36557,370172,1
3072,25643,0
624788,1233066,0
699,36643,1
10989,432836,0
181812,1894,1
717930,1104845,0
12444,675,1
10764,36669,1
12519,471880,0
241,843794,0
1035048,9672,0
324786,334543,1
1242898,346910,1
10015,8277,0
13836,12473,0
2019,521007,0
10429,11453,0
10735,39324,0
15026,338964,0
940551,572802,1
11834,335988,0
335977,87,1
166428,404368,1
1265063,11046,0
329865,340666,1
49051,57158,1
13824,241554,0
872585,466420,1
13417,884184,0
1230368,1038392,1
198663,336843,1
19379,676845,0
640,1372,1
1197306,1233069,1
107,10851,1
24271,13600,0
287903,9656,1
420808,42500,0
11636,787699,0
10191,425,1
370172,36670,1
1114513,748230,1
840326,1098110,1
398818,10501,0
701387,842924,1
16375,130150,0
10725,10419,0
519182,718821,1
196,165,1
575265,911430,1
36669,698,1
291805,328387,1
32593,13885,0
62,185,1
29917,10949,0
51108,19595,0
8689,13824,0
535,286532,0
106,268,1
718840,9333,0
161,163,1
353081,56292,1
42337,41280,1
38365,10202,1
803796,1175942,1
324857,338952,1
457332,245168,0
324857,569094,1
244786,242582,1
5825,13377,1
1220564,2925,1
412000,26659,0
667257,1239655,0
429,769,1
10719,11395,1
3587,466703,0
7555,522938,1
152760,97020,1
348893,39102,1
394269,842924,0
41517,454458,0
15655,27072,0
539972,1410082,1
27324,14050,0
950,278154,1
575264,353081,1
766507,34851,1
1084199,950396,1
447273,132344,0
68721,54138,1
49026,272,1
417320,974262,1
2625,437626,0
10426,16871,0
9532,55779,1
330457,512200,1
10191,166428,1
207,10312,1
9678,579974,0
787699,1022796,1
373571,399566,1
10192,810,1
152584,10649,0
2112,1037113,0
1495,3131,1
152760,225574,1
630,10895,1
10466,476968,0
759902,23483,0
524047,14128,0
392044,945729,1
669671,821,0
1086260,741124,0
531309,316002,0
32536,16164,0
56743,52954,0
296096,200727,1
20343,13121,0
507086,718789,1
1197137,814,1
2493,5876,1
11077,2119,0
22825,27607,0
283995,118340,1
1138194,1038263,1
1011985,53459,1
506863,33444,0
13448,591,1
351286,603204,0
419680,431530,1
59037,16985,0
121,672,1
1038392,259693,1
463861,39349,0
9605,355066,0
575264,177677,1
359410,1011985,1
9373,8420,0
911430,1007734,1
107,497,1
589739,756681,0
513083,73499,0
845781,1097870,1
16869,24,1
75656,54138,1
1106289,1181540,1
5825,11418,1
396535,581392,1
162,3933,1
91314,335988,1
869,871,1
315635,284053,1
43959,20411,0
11528,614,0
113329,4296,0
1175942,1022787,1
1054867,604079,1
8587,9732,1
330457,109445,1
284536,73723,0
372058,198375,1
648878,12506,1
335984,374720,1
367326,824003,0
429617,315635,1
436969,385128,1
1147400,1147416,1
10192,810,1
62,600,1
56292,956,1
58,10764,1
76600,640146,1
548755,49012,0
109451,22794,1
9016,14267,0
599975,66125,0
1061699,12525,0
772,9714,1
1722,37834,0
39893,19595,0
177677,10570,0
9647,40820,1
803796,1087192,1
934632,220286,0
398818,399055,1
1086260,1373445,1
12163,11460,0
140607,1891,1
9750,17663,0
376290,939243,0
316029,11927,0
673,767,1
505642,284054,1
660,77771,0
1894,882598,0
453395,338953,1
996821,545611,0
575264,56292,1
464889,836225,0
413998,11072,0
619730,5817,0
1087891,1097311,1
455236,14667,0
1368,522938,1
1100099,1097870,1
205891,1291559,0
9552,805,1
91314,8373,1
18785,45243,1
24099,18296,0
12599,13249,0
393624,48677,0
11395,9647,1
1029575,695721,1
84404,24749,0
138843,423108,1
33516,974250,0
196,105,1
8292,9900,0
27205,155,1
138843,259693,1
137,8467,1
14836,77174,1
14836,9479,1
449574,25793,0
14160,150540,1
7485,8292,1
585,862,1
1007734,1175942,1
1030613,12208,0
12230,359940,0
13524,16460,0
259072,1022787,0
76285,504172,0
869,10477,1
787699,933131,1
457332,1155828,0
150540,127380,1
1097549,1210732,1
398818,359940,1
10195,24650,0
1571,47964,1
89,217,1
766507,616037,1
350,10625,1
87825,711017,0
594767,287947,1
571,87827,0
539972,993710,1
47650,582014,0
700,710,1
744746,9308,0
104329,12193,0
375785,87101,0
437103,1361,0
603,604,1
24,150540,0
106646,11324,1
12289,100830,0
252822,14128,0
79465,52520,0
135397,254128,1
872585,346698,1
38289,201088,0
438689,157289,0
862,863,1
35119,455236,0
1894,42164,0
30923,9367,0
2118,89,1
480530,480530,1
545237,1084199,0
38027,507089,0
283995,284052,1
393,500,1
37316,231001,0
561318,1247019,0
70160,131634,1
1726,10138,1
429467,16804,0
465086,9476,0
353577,840326,0
46738,181886,1
55301,23398,1
159121,1234821,0
760329,1236470,1
637649,578701,1
150689,11224,1
1218925,639988,1
4351,10484,0
1376434,541671,1
14425,36897,0
1114513,814889,1
49013,920,1
6309,13156,0
398181,13004,0
475557,466272,1
9479,585,1
562,1571,1
181812,1893,1
575265,353081,1
447365,640146,1
1724,244264,0
103,1578,1
39107,39108,1
34134,599,0
1156593,845781,1
1180831,736526,1
866398,848538,1
20912,4296,0
1100988,1562,1
171337,20352,0
350312,595,0
225564,13300,0
44571,105864,0
27569,355547,0
1029575,1252309,0
236028,196024,0
205596,194662,1
559,558,1
68721,10138,1
10640,13949,0
1086747,1025463,1
59436,10167,0
82690,404368,1
12610,278925,0
27644,63310,0
8871,10719,1
10681,14160,1
18882,75638,0
1084736,11362,1
14576,314065,0
333339,447332,1
28178,772,1
66129,2176,0
671,674,1
986056,541671,1
500,16985,0
62029,68730,0
10047,5237,0
360920,8871,1
13060,334533,0
20352,93456,1
1255788,27066,0
13476,12101,0
373571,479455,1
44718,7978,0
448119,512200,1
14160,10193,1
8966,50619,1
866398,933131,1
55785,489430,0
438631,693134,1
36557,37724,1
11,181812,1
637649,337404,1
10195,1726,1
12,127380,1
38516,81796,0
287903,218784,1
415311,12233,0
330457,420809,1
956,177677,1
385687,603692,1
1211957,490033,0
255709,9614,0
198663,336843,1
508,634,1
10764,36669,1
489,769,1
14795,152581,0
267860,423204,1
660,657,1
102382,1930,1
346698,335977,1
713,951491,0
634649,646380,1
298618,667538,1
798645,4806,0
1022789,150540,1
1114513,1062215,1
291413,12695,0
1771,100402,1
749170,846422,1
10193,14160,1
25756,850165,0
348060,762504,0
460465,531309,0
15300,278924,0
810,48466,1
1022789,150540,1
16723,8814,0
8275,1212742,0
2118,1542,1
742391,33115,0
2163,515195,0
11036,142,1
329865,274870,1
585216,2566,0
34851,938614,0
38700,9737,1
1197306,1144430,1
36557,698,1
14424,227719,0
25241,582906,0
829557,1128568,1
507086,351286,1
299536,363088,1
1452,227306,0
787699,940551,1
640146,363088,1
653346,573435,1
38757,2062,1
18671,19259,0
45569,499726,0
698,714,1
983507,774752,0
25476,338967,0
475557,530915,1
795607,1073413,0
823219,1064486,1
507089,939335,1
1175942,629542,1
425274,53182,1
216015,266856,1
1352755,1251717,1
490132,375262,1
606856,60175,0
24116,711017,0
9833,667739,0
767304,32615,0
1197306,668489,1
1124,11324,1
411,2454,1
612654,9313,0
603,605,1
12504,324558,0
812583,466272,1
53404,160165,0
287903,273477,1
13962,124,0
496243,530915,1
396535,747,1
198663,98566,1
44945,12589,0
337167,341174,1
14198,455605,0
324857,16665,0
336560,26976,0
1495,9477,1
490132,429197,1
3101,8840,0
353081,177677,1
127,11853,0
64688,187017,1
3595,1075,0
15916,38366,0
11462,616037,0
270946,177572,1
766507,361743,1
18,24,1
414906,453395,1
315635,429617,1
694,138843,1
1197137,756999,1
634649,568124,1
429,938,1
575265,56292,1
4108,9335,1
17979,58224,1
600836,26371,0
573435,762441,1
912649,845781,1
138103,76163,1
608654,115442,0
260514,127380,1
40072,449562,0
559,1930,1
674,673,1
41283,28118,0
502356,594767,1
693134,841,1
899112,736526,1
603,624860,1
87,89,1
5485,49980,0
10140,2454,1
869,212778,0
1010756,926606,1
290098,11423,1
502356,640146,1
62835,37430,1
281338,653346,1
975902,14030,0
976573,832502,1
34806,50270,0
9806,14160,1
16127,1261501,0
47518,184315,0
1230368,617126,1
51828,568124,0
68924,156022,0
872585,575264,1
166428,638507,1
615457,1007734,1
45756,81796,0
12437,86130,0
748783,653346,1
218,280,1
37724,710,1
9928,582,0
787699,609681,1
603692,447365,1
13161,2045,0
812583,661374,1
42359,1087822,0
1160956,11009,0
672,12444,1
201,17422,0
561,110398,0
749170,1239193,1
25853,4247,0
1011477,38575,1
218,296,1
438695,335797,1
4935,8392,1
4348,13929,0
1397832,38366,0
157350,262500,1
1184918,698687,1
661374,546554,1
11,1891,1
416148,4946,0
522938,522938,1
1233069,39545,0
324786,334541,1
68718,273248,1
481848,79465,0
400155,76492,1
42359,17431,0
20352,57800,1
24,273248,1
270946,1923,0
81,1235746,0
457041,16716,0
404,25961,0
33624,682507,0
1233413,870028,1
10303,118668,0
47002,9255,0
718930,725201,1
309,785985,0
293660,209112,1
20025,146243,0
122917,131631,1
30949,563710,0
10510,11395,1
803796,617126,1
27644,28032,0
351694,51442,0
466420,39465,0
8996,404733,0
269149,140300,1
11908,682507,0
667538,569094,1
23048,6623,0
228496,11521,0
744594,666750,0
18785,12133,1
945961,698687,1
34851,106,1
845781,912649,1
315162,536554,1
1126166,762509,1
10195,284053,1
937941,11324,1
205022,20850,0
505642,640146,1
36670,36643,1
70981,126889,1
13321,5590,0
44435,25355,0
62835,11638,1
30462,86541,0
950396,1356039,1
277,44453,0
937278,1001865,1
46787,12506,0
506528,524434,0
8355,950,1
315011,870028,0
374617,667538,0
974635,720321,1
103,985,1
47386,11860,0
8346,113082,0
575265,177677,1
15196,649,0
278,424,1
135397,351286,1
345911,4296,0
73861,17609,1
150689,102651,1
1585,1891,1
294254,55341,0
8193,1098160,0
11051,124459,0
954,177677,1
240,129,1
11,140607,1
102382,100402,1
674,675,1
4232,646385,1
1257,321974,0
240,424,1
602666,331482,0
109445,330457,1
823464,929590,1
12208,333371,0
10764,370172,1
953,80321,1
672,675,1
120,68734,1
373571,320288,1
35,9408,1
124905,399566,1
332210,395991,0
1495,20662,1
628704,47933,0
620705,10571,0
18320,9927,0
1230368,1376434,1
635389,929170,0
286217,49047,1
573435,1022789,1
10138,68721,1
363676,416148,0
13648,440249,0
10764,657,1
118,13885,1
9286,9358,1
8220,13548,0
181808,1893,1
290098,4689,1
1034541,663712,1
2899,9564,1
580,287587,0
1234821,1087192,1
667,698,1
345914,798645,0
424,497,1
968051,24825,0
354912,374720,1
470878,10539,0
578,579,1
73499,616584,0
9427,393345,0
30666,192145,0
10822,809,0
13,497,1
912649,558449,1
674,673,1
278925,31076,0
287524,460648,0
49051,57158,1
4925,1599,0
10996,42739,0
603692,458156,1
10096,925714,0
116,32117,0
12576,14128,0
346910,34851,1
416148,294963,0
155,49026,1
385687,337339,1
347033,385317,0
429617,420818,1
333339,427641,1
209269,400928,0
381288,10627,0
299054,76163,1
241554,12139,0
8009,66125,0
68730,93456,0
9928,9836,1
111,500,1
585083,76492,1
660,36643,1
39465,427008,0
1111873,719221,1
28209,448432,0
986097,150689,0
177677,955,1
766507,698948,1
140607,1893,1
842033,10623,0
28200,169,0
497,857,1
197,409,1
11,1895,1
42418,306943,0
11824,85545,0
785084,141052,0
562,1573,1
36669,36643,1
877703,745881,0
519182,748783,1
2109,5174,1
425909,109298,0
447365,667538,1
425274,58574,1
27150,653574,0
700,36643,1
330544,49013,0
615457,460465,1
567,9927,0
4935,10515,1
2501,2502,1
964426,72768,0
573435,8961,1
12271,3603,0
23483,59859,1
1233413,986056,1
912649,335983,1
950387,324544,1
536115,631843,0
572,11011,0
732713,10969,0
169,34851,1
2501,49040,1
940551,1022796,1
370172,698,1
505026,392044,1
1218762,312791,0
13461,262551,0
9828,532953,0
968051,439079,1
749274,5996,0
15283,48916,0
9928,9408,1
15397,733156,0
537996,810271,0
1571,2207,1
123678,429467,0
748783,1093995,1
49026,1771,1
1084242,273481,0
206647,36670,1
11395,9021,1
17015,18093,1
7916,43678,0
929590,24341,0
245891,483411,0
661930,456048,0
31022,820232,0
573435,718821,1
699,36669,1
10024,667538,0
575094,12139,0
1895,1894,1
9340,34584,1
45752,312831,0
639933,20941,0
33997,1000603,0
37793,649394,0
290859,534,1
862,863,1
10950,545330,0
803,414190,0
326359,307081,0
559,102382,1
7555,1369,1
347033,1933,0
298618,335977,1
471853,205724,0
1241982,762509,1
36679,13949,0
8966,50619,1
12225,324668,0
939243,454626,1
786892,76341,1
2176,639933,0
475557,496243,1
1106289,755898,1
696506,1249423,1
345,600,1
652,7131,1
411,10140,1
974635,746036,1
272,414,1
429,335,1
980477,25834,0
281338,374720,1
615173,36073,1
9896,1054867,0
196,1669,1
34851,346910,1
615469,509,0
27205,157336,1
42164,826749,0
39103,39107,1
1022787,911430,1
370172,658,1
68721,76338,1
603,605,1
552524,575265,1
291805,68735,1
424,129,1
466272,103,1
13,197,1
10202,1118224,0
522016,51481,0
206647,699,1
431185,1007826,0
94196,9003,0
949,8068,1
1083433,3597,1
22356,17707,0
14397,32318,0
862,301528,1
497,45612,0
39103,34433,1
561318,1691,0
562,1571,1
400155,374465,0
337167,216015,1
10764,698,1
7485,11652,1
507089,299054,1
11610,1407861,0
278927,660353,0
640,594,1
250546,521029,1
52109,1094556,0
353486,680813,0
609681,572802,1
264999,476926,0
6977,44264,1
10803,12708,0
9444,85435,0
658,700,1
87101,296,1
13888,103112,0
1573,1572,1
11,181808,1
862,8587,1
419680,274167,1
13,550,1
10138,10195,1
533533,97,1
749170,400728,1
36557,36670,1
318279,10260,0
574475,19912,1
628704,57978,0
745881,9988,0
24749,13919,0
132923,948713,0
1064213,549509,1
30675,491480,0
534,296,1
10437,11176,1
286217,281957,1
10437,10874,1
332721,660833,0
1571,277,1
137,544,1
301846,280690,0
8966,18239,1
502356,385687,1
1242898,106845,1
624,37964,0
508,9801,1
122,13,1
23169,38289,0
169917,15173,0
150540,62211,1
11782,33217,0
420648,100898,0
1573,1571,1
552524,1022787,1
306482,10371,0
2335,2334,1
101299,70160,1
156022,169917,1
445,2268,0
1246,1371,1
47721,228967,0
1234821,1061474,1
369781,439552,0
9355,9763,0
22,285,1
939243,762509,1
198663,240832,1
10004,926676,0
2062,9806,1
38,37165,1
1111873,1086747,1
348893,15070,1
31516,10412,0
9502,12222,1
8355,57800,1
34851,395,1
1246049,1086260,1
170,1562,1
476669,343668,1
22970,576784,0
6615,710258,0
694,185,1
350,1452,0
939243,675353,1
1161617,1245993,1
425,278154,1
982843,56386,1
425,57800,1
527246,40469,0
575264,299054,1
348,126889,1
538225,22826,0
710258,9681,0
205596,266856,1
1218925,1010756,1
23988,3110,0
568124,438695,1
1038392,986097,1
10764,206647,1
58,1865,1
12155,118,1
92182,18783,0
10495,1096838,0
10138,1771,1
695089,133790,0
62211,93456,1
24428,68721,1
14160,12,1
453395,8270,0
616037,76338,1
74078,442249,0
1084242,269149,1
1865,22,1
787,652,1
559,315635,1
33115,345934,0
10585,393345,1
177572,109445,1
454527,39101,0
986056,846422,1
39939,39939,1
14836,9297,1
116613,10997,0
321612,10020,1
617126,1061474,1
49026,24428,1
15739,73963,0
1226406,19583,1
258750,9441,0
949,6075,1
787,9738,1
1571,1572,1
284054,1072074,0
575265,956,1
578,840,1
1084199,1140535,1
694,501170,1
373571,399566,1
24428,299536,1
70954,460048,0
1072074,9992,0
46029,98205,0
34851,37686,1
699,698,1
564,1734,1
489763,23023,0
1078605,34016,0
2566,550205,0
791155,457308,0
76493,1995,0
1319965,505642,0
550032,11670,0
204968,15653,0
862,10193,1
507089,1046032,1
8457,43832,0
849,583268,0
26662,248611,0
1234821,351286,1
2978,10661,1
103740,6623,0
119450,61791,1
822119,927342,1
194121,50300,0
812,11238,1
807,550,1
8960,86467,0
9544,671,0
359364,9679,0
12133,36362,0
267860,117263,1
660,206647,1
250066,521007,0
177572,118340,1
1013221,33788,0
546630,203835,0
181812,181808,1
49521,76163,1
114,509,1
1363123,1029575,1
432618,487083,0
16869,68718,1
545330,378064,0
324857,424783,1
12445,674,1
9100,249070,0
762509,939243,1
187,580175,0
30685,13997,0
667,657,1
423,28902,0
986056,1061474,1
96973,782936,0
786892,280180,1
803796,1022787,1
348,8078,1
197,607,1
911430,1151334,1
9778,297270,0
1656,109410,0
950,774825,1
116149,516729,1
505262,29917,0
857,497,1
181808,1894,1
667538,447365,1
8077,8078,1
454626,675353,1
474350,567609,1
324857,404368,1
700391,493529,1
1311031,635302,1
346364,335984,1
1930,120,1
106,346910,1
281338,61791,1
1064213,696506,1
953,10191,1
703,123553,0
524047,553604,1
829560,487083,0
10764,36670,1
370172,36643,1
939335,951491,1
35885,431892,0
322994,26612,0
338952,840889,0
350,9880,1
364690,8859,0
85,89,1
568124,585083,1
13752,535581,0
346364,396422,1
72784,675,0
299534,429617,1
980477,615453,1
36266,9312,0
916401,76640,0
209112,271110,1
521029,168055,0
372058,129,1
8835,10327,1
83186,40885,0
35019,11283,1
9360,19543,1
23483,19908,1
9278,9975,0
228970,10138,0
1232933,16442,0
1022964,1010581,0
415,8390,0
1078605,1038392,1
987400,747,0
24,414419,1
10681,2062,1
592983,7090,0
550,13,1
44571,823482,0
9417,66027,0
94365,1172648,0
18289,42418,0
1156594,1156593,1
270946,228161,1
207021,22820,0
11908,428045,0
91314,38356,1
38291,786110,0
158852,56947,0
575264,152532,0
260514,324852,1
424,389,1
205724,17422,0
17979,5255,1
646389,10419,0
400160,228165,1
345,975,1
46441,340270,0
256731,5485,0
206192,936108,0
523281,180948,0
62211,585,1
323262,17993,0
43919,167575,1
206647,657,1
13090,408185,0
531219,36998,0
36557,660,1
562,1572,1
177572,269149,1
522938,1369,1
324552,245891,1
122,49051,1
35019,11283,1
36643,710,1
299534,299536,1
1084199,710295,1
159824,105864,1
28761,19503,0
678512,467405,0
420634,663712,1
11836,12593,1
1878,38410,0
46655,13675,0
424,240,1
425909,967847,1
346910,463272,1
1151031,1078605,1
13466,11239,1
20352,68728,1
767,12445,1
280,218,1
12253,17362,0
575264,954,1
50698,51108,0
940551,866398,1
1233413,1376434,1
25475,297270,1
281338,119450,1
688,408647,0
425274,291805,1
38027,460048,0
11655,410685,0
1085103,41054,0
675,12445,1
1261825,11324,1
126172,422874,0
1893,1894,1
1017163,619803,1
1248226,157336,0
370172,37724,1
16353,22954,0
37100,28460,1
557,102382,1
1271,53182,1
159824,400155,1
426063,710295,1
13333,611207,0
220471,285,0
159037,72105,0
1197306,324544,1
12155,241259,1
1328803,334532,1
644083,396422,0
9614,713704,0
10403,764,0
697843,545609,1
39030,557635,0
335977,89,1
152532,15655,0
106646,68718,1
634649,524434,1
812,420817,1
11099,556803,0
609681,1022796,1
75656,291805,1
882598,28289,0
11850,1321439,0
58,22,1
967847,70057,0
17532,5257,0
1022787,1175942,1
9502,49444,1
559,557,1
1100988,170,1
953,10527,1
829557,664413,1
845781,554230,0
18239,50619,1
62211,150540,1
259694,1947,0
536396,241848,0
93456,324852,1
315635,429617,1
713704,109428,1
10771,91,0
22,285,1
297762,141052,1
1084199,820912,0
1147400,860867,1
575264,926393,1
364,414,1
321612,263115,1
974036,463088,0
290098,22536,1
23397,569094,0
1011985,359410,1
795,14869,0
12162,899082,0
205584,14645,0
994143,48266,0
812583,597,1
634649,315635,1
323262,338766,0
272,209112,1
414,34843,0
604360,51170,0
19912,55779,1
954,955,1
370172,700,1
24428,19995,1
10591,85435,1
1186532,15371,0
1930,558,1
348,679,1
36647,36648,1
762509,1241982,1
376004,23282,0
337404,8440,0
8488,11015,0
575265,954,1
840326,882569,1
718930,429473,1
615453,980477,1
297270,13179,1
822119,271110,1
76341,9659,1
9928,12222,1
863,862,1
541671,1234821,1
1156593,1255788,1
1892,1893,1
677179,480530,1
696506,1233575,1
121,807,1
514277,29154,0
116149,346648,1
404,11509,0
486070,400617,0
1263256,142,0
440,395,1
1011477,1087192,1
519255,7446,0
37316,742,0
84105,301,0
1111873,1041613,1
667538,298618,1
393,187,1
889737,561318,0
38365,109418,1
1022789,653346,1
24229,14361,0
150689,224141,1
33134,82767,0
493922,169209,0
1337562,1097549,0
573435,9737,1
843527,574451,1
603,14161,1
672,673,1
839369,1026624,0
9714,12536,1
135397,225886,0
52451,51110,0
2310,74646,0
22,58,1
24032,205601,0
1086747,1008409,1
763215,1127166,1
505642,646389,1
1817,239573,0
115929,1410,0
50619,24021,1
207703,343668,1
278,240,1
455605,1852,0
137,2609,1
346698,872585,1
671,675,1
13186,23823,1
463022,945675,0
12207,532812,0
49051,122917,1
667,710,1
1242011,505,0
42640,1573,0
346364,474350,1
671,672,1
1192745,864116,0
706972,36095,0
701387,597,1
12153,11045,1
8355,278154,1
62835,8202,1
25241,31299,0
1865,285,1
1071585,536554,1
49040,324668,1
11036,10625,1
630,1071215,0
2291,152581,0
783,12620,0
315162,417859,1
1061474,39415,0
27066,37265,1
976720,23437,0
47653,10307,0
24411,59457,0
6593,63481,0
36669,657,1
38365,14560,1
508965,398978,1
1161617,1422096,1
574475,552524,1
11395,13767,1
8966,18239,1
2666,839033,0
673,672,1
36670,698,1
1289888,37696,0
14098,14002,0
291805,75656,1
312221,480530,1
1241982,19823,0
1034541,1118031,1
399725,9877,0
700391,594767,1
1034541,663712,1
35,11836,1
155,122,1
347751,8273,0
637649,503736,1
1184918,823219,1
541671,846422,1
1241982,539972,1
120,122,1
259316,338952,1
1895,1892,1
570670,408,0
1233413,1232546,1
939243,927342,1
863,585,1
812,585744,0
13207,336807,0
65650,593910,0
238636,442249,1
122917,147441,1
162,1587,1
638507,19404,0
27205,70160,1
693134,823464,1
11836,400160,1
976573,346698,1
216015,337167,1
640,8358,1
1043905,1081012,1
43329,366672,0
1151031,1239655,1
34851,169,1
564,1734,1
1495,12113,1
110415,68724,1
1034541,86328,1
980477,615453,1
11423,80280,0
1930,559,1
39415,14710,0
671,673,1
111332,1361,0
9659,8810,1
1585,11881,1
1022789,1022789,1
11,13475,1
8920,9513,1
607,1807,0
1000603,738652,0
414,114168,0
575265,575264,1
106,169,1
354912,284053,1
267860,423204,1
489,9574,1
601,162,1
329865,284052,1
122917,57158,1
1901,1151031,0
25377,19072,0
522,46429,0
11351,507256,0
75638,2293,0
5255,10719,1
955555,619803,1
1087192,1071585,1
37724,36643,1
505026,945729,1
24428,99861,1
44741,376233,0
1361292,12776,0
1195518,846422,1
87,217,1
38234,15255,1
49017,8467,0
863,9756,0
43829,11870,0
248504,453270,0
327418,9666,0
18,9322,1
14030,352492,0
250225,519182,0
809,13394,1
1078605,1151031,1
24832,928204,0
291413,1035259,0
205601,528091,0
11324,1422,1
585,863,1
13524,390520,0
1061474,911430,1
677179,480530,1
52105,1656,0
300693,48138,0
150689,326359,1
12783,201088,0
1895,1891,1
10764,36557,1
36679,12561,1
1138194,1140535,1
20941,258230,0
1126166,17819,0
37724,330916,0
601,764,1
425274,75656,1
8587,812,1
162,118,1
670,87516,1
12090,968,0
10907,14098,0
345,935,1
258805,495764,0
45243,109439,1
468225,1073413,0
762509,420818,1
37724,698,1
30114,438435,0
675,673,1
772,12536,1
75656,68721,1
9300,1149504,0
9502,1734,1
122,562,1
181812,1891,1
772,22,1
36557,37724,1
348,679,1
660,700,1
343668,536554,0
335984,329865,1
1231035,10169,0
744,380,1
614696,1001865,0
1071585,1011477,1
1054867,872,0
159824,400155,1
842934,411873,0
22076,60307,0
617126,1054867,1
753232,11163,0
406563,54553,0
34769,575776,0
9360,19543,1
756999,507086,1
550231,565,0
32657,15262,0
857,11324,1
564,559401,0
617126,1337562,1
175574,314065,0
174751,527246,0
273481,400535,1
281338,119450,1
1084066,642885,0
157350,101299,1
72358,26845,0
541671,1087192,1
9355,26177,0
9495,71,0
4258,27030,0
13053,9874,0
111,6075,1
822119,986056,1
786892,1029955,1
549053,556678,1
658,657,1
1376434,1233413,1
74,926676,0
820609,22640,0
519182,324852,1
18785,109439,1
14059,8976,0
295693,4858,0
11853,574861,0
1071585,1145221,1
138843,49018,1
657,714,1
120,10195,1
653346,786892,1
122917,57158,1
169,346910,1
628707,14275,0
67748,75624,0
472338,271,0
13673,925714,0
4837,42307,0
307663,41592,0
11836,228165,1
57165,18823,1
299534,99861,1
210577,146233,1
604,605,1
258750,19552,0
425,57800,1
37291,394661,0
2493,4951,1
309298,19601,0
8587,953,1
122019,79316,0
1038392,1311031,1
49901,6007,0
598215,10426,0
11324,27205,1
15015,496096,0
787699,572802,1
21972,610253,0
354912,364689,1
426,11653,0
974635,786892,1
546554,520736,0
508,509,1
823464,940721,1
37165,207,1
85,217,1
31526,12139,0
2062,920,1
50620,24021,1
13172,8204,0
13550,536743,0
639798,11090,0
23823,125509,1
62,345,1
40411,21398,0
852096,927342,0
5174,4561,0
15092,823610,0
13697,9880,0
1654,2062,0
490132,504172,1
118665,365177,0
22,12,1
50512,10743,0
35025,2998,0
429460,15015,0
1101448,323694,0
489,37165,1
772,12536,1
845875,276488,0
663866,6279,0
353081,954,1
30062,102001,0
570480,142,0
7874,15602,0
36557,710,1
13919,70578,0
1865,166426,1
19344,21501,0
866398,572802,1
1702,38921,0
630,770,1
39323,44706,0
807,27205,1
49046,62214,0
102001,550148,0
12715,76726,0
298618,346698,1
41054,557336,0
44155,55,0
46581,495766,0
744,1370,1
7451,47971,1
214030,101299,0
475946,15422,0
285,22,1
11953,13002,0
296065,1571,0
2925,46665,0
5255,8358,1
346401,27989,0
762509,1126166,1
10577,8587,0
4147,1007826,0
140607,1000862,0
109445,101299,1
85,601,1
38757,10198,1
38262,10999,0
1037113,2140,0
156022,198663,1
241554,335970,0
1251,787752,0
586353,13991,0
10503,2662,0
950387,1197306,1
58,166426,1
11351,1637,0
818647,1139566,1
50014,86597,0
446893,496212,0
10065,496450,0
348,8077,1
38575,1885,1
507244,36351,1
161,9745,0
105,196,1
953,425,1
81188,38055,1
11395,850,1
653569,301334,0
323694,656968,0
101,510,1
11451,118667,0
37606,10885,0
1726,10138,1
38234,15070,1
559969,14005,0
49013,920,1
122,121,1
448119,38700,1
13496,280892,0
57586,127374,0
16353,287524,0
157336,286217,1
13496,48988,0
37292,52067,0
393,24,1
425,950,1
1208808,541671,0
216015,337167,1
1280450,1241470,1
10135,26141,0
926393,345887,1
111,117,1
13525,335977,0
54559,65296,0
453395,559907,1
549053,563710,1
12153,9757,1
1124,272,1
950396,762509,1
1010581,1016121,1
162,522,1
7484,277216,0
571384,819,0
637649,634528,1
293660,140607,1
9552,11026,1
1242419,1054867,1
9714,772,1
11377,41784,0
1210794,329718,0
791568,32389,0
507086,361743,1
845781,1005331,1
16869,500,1
73861,9539,1
83533,157336,1
13189,25842,1
32117,531876,0
49051,253235,0
36669,714,1
62211,585,1
370172,699,1
2758,2907,1
736526,253046,0
346364,474350,1
546554,515001,1
114,88,1
68718,87827,1
1029575,848326,1
129,372058,1
505600,22135,0
458109,75204,0
214756,72105,1
433422,27135,0
10764,667,1
1034541,420634,1
24402,24402,1
168259,385128,1
27205,37724,1
575264,335977,1
40451,103663,0
21515,460071,0
436969,550988,1
14728,9481,0
105,165,1
5825,11419,1
426,89492,0
116149,87502,0
710,714,1
1576,1577,1
348893,15070,1
49026,37724,1
438435,1588,0
616037,507086,1
897424,14123,0
16515,22821,0
39107,34433,1
155,272,1
426063,1013850,1
48688,462593,0
10871,273477,0
14943,26564,0
32657,2018,0
448916,2395,0
298618,37533,0
1030613,24868,0
270946,293299,1
91745,325173,0
10445,33,0
341077,27945,0
38543,1032950,0
161,298,1
795,688258,0
10874,10208,1
583081,10845,0
441168,8681,0
1022789,533535,1
12444,674,1
823625,896221,0
228150,210577,1
603692,493529,1
33016,682507,0
1087891,1127110,1
16236,241843,0
76,10661,0
9778,578,0
39107,12544,0
38365,50546,1
519182,533535,1
37724,657,1
11674,10481,1
670,975,1
10764,658,1
31600,312831,0
12444,767,1
455605,26175,0
135397,87101,1
7451,855,1
1035259,1007734,1
297762,282035,1
426063,974950,1
15916,753342,0
1087891,1239193,1
1136394,2071,0
10191,82702,1
850,270400,0
739993,463843,0
1581,508,1
14375,257117,0
29084,532067,0
10208,11899,1
667,714,1
11232,211067,0
23483,36557,1
13972,752721,0
512195,580489,1
16007,10303,0
582570,55785,0
1010581,988078,1
1022789,786892,1
507244,1257009,1
700,667,1
34851,346910,1
76600,661374,1
42337,102001,1
10764,714,1
385687,447365,1
38055,1239251,1
428081,279968,0
672,767,1
671,12445,1
9489,531309,0
1263256,9614,1
1011477,1885,1
774714,11090,0
862,9487,1
1368,1369,1
941109,1236470,1
76341,264660,1
1241983,1062722,1
661374,877269,1
1284120,1001414,1
140607,1895,1
8355,79218,1
988402,22784,0
359410,10135,1
23483,59859,1
1817,16441,0
809,808,1
100042,473033,0
38,152601,1
917496,4011,1
159824,228161,1
9279,289728,1
11017,883502,0
77338,37165,1
1930,27205,1
956502,565028,0
863,10193,1
101325,638045,0
286217,206647,1
1034541,912649,1
497698,379686,1
315635,283995,1
210577,242582,1
91,415842,0
206647,700,1
660,36670,1
1151031,1100988,1
840,496212,0
280,296,1
341012,134411,0
10764,710,1
767,12445,1
42012,1136394,0
609681,695721,1
10764,37724,1
12536,771,1
3072,969492,0
462,540291,0
1010581,1156593,1
8676,30431,0
244786,423,1
38365,3563,1
641662,62211,0
22,166426,1
1223601,840326,1
5825,11418,1
822119,1771,1
1184918,945961,1
10192,809,1
11561,43832,0
718930,616037,1
447273,970947,1
11324,1124,1
15907,345914,0
1071585,1124619,1
58508,444395,0
812,15969,1
667,36643,1
364,415,1
1091267,650,0
13053,68053,0
2978,425909,1
49013,260514,1
76101,14191,0
1161617,1267319,1
4935,3062,0
209112,49521,1
181812,140607,1
362637,55,0
120,121,1
1011477,541671,1
207703,13949,0
13994,1148713,0
674,672,1
633604,16295,0
673,12445,1
772,771,1
522938,1369,1
425,953,1
346910,395,1
597,297761,1
13,769,1
364733,728366,0
9605,142,0
370172,206647,1
240,242,1
370172,667,1
1576,9421,0
637649,602734,1
402431,929204,1
581392,4512,0
672,767,1
36557,36669,1
49521,209112,1
13186,9902,1
950396,1084199,1
11305,11360,0
613504,820525,1
609681,799155,1
1382406,1151334,1
10192,48466,1
6977,115,1
8355,950,1
1265344,1328803,1
13378,21344,0
9479,62214,1
8681,6479,1
398818,38,1
645710,523172,0
5915,496096,0
177572,245891,1
585,12,1
519182,20352,1
497,13,1
810,13394,1
2493,762,1
674,12444,1
24428,99861,1
334354,233639,1
822119,259761,0
434555,460648,0
1114513,833339,1
1097549,426063,1
10764,660,1
1930,102382,1
107,13809,1
402431,839033,1
58,285,1
137106,329010,0
15300,22004,0
298312,11172,0
767,12444,1
892515,794,0
317930,635731,0
772,12155,1
19101,9377,0
1279433,513919,0
646385,279047,0
110415,11423,1
1621,2108,1
595867,9325,0
370172,660,1
7974,11543,0
1597,748853,0
9080,8429,0
10190,941,0
766507,346910,1
114,19913,1
329,6075,0
218,290859,1
808,10192,1
30588,50723,0
206647,667,1
2085,16996,0
505948,235,0
634492,15742,0
670,4689,1
2667,414063,0
338967,207021,0
361743,744,1
12153,9072,1
674,675,1
8966,24021,1
646385,934433,1
15157,456611,0
679,8077,1
1277988,58574,0
335977,217,1
1585,595,1
402431,426063,1
12,2062,1
13,122,1
36557,714,1
59457,34223,0
58833,8689,0
953,270946,1
974561,404378,0
354912,316029,1
12445,673,1
36557,772,1
699,667,1
1874,1076364,0
159824,585083,1
271110,209112,1
373571,124905,1
138843,250546,1
787,27576,1
840430,466420,1
354912,399055,1
744,38199,1
271110,284052,1
1012201,279,0
81005,691683,0
324325,20096,0
68555,8275,0
533533,760329,1
14603,45202,0
278,238,1
1156593,1252309,1
51533,688,0
1410,929590,0
155,550,1
102899,363088,1
4257,77561,0
1130276,311,0
197,98,1
196,165,1
50014,93837,0
1302916,12281,0
14931,198062,0
10393,614479,0
34560,26900,0
1071585,1087192,1
647245,724209,0
468224,21506,0
391757,84203,0
169,106,1
66129,786300,0
575776,32117,0
575264,956,1
1242898,766507,1
466272,475557,1
297761,416148,0
1054867,1480382,1
986056,575265,1
9532,19912,1
930564,454227,0
2062,10681,1
2625,299245,0
209263,9954,0
1241470,249260,1
59058,521029,0
11661,569094,0
50270,620924,0
393,414419,1
594692,1597,0
8920,9982,1
109445,62177,1
463906,455605,0
232,448916,0
10858,1584,0
103,11778,1
11036,84892,1
324786,313369,1
19114,1357633,0
131631,101299,1
146239,396,0
5693,20411,0
449443,383709,0
1244944,327418,0
15186,410118,0
31867,72334,0
9479,10539,1
20352,324852,1
5055,1734,0
36670,667,1
290825,24679,0
840326,758323,1
658,36643,1
14161,435,1
76600,677179,1
662546,20620,0
299536,299534,1
240,389,1
549053,611207,1
324857,297802,1
207,489,1
1197137,982843,1
438631,370172,1
315011,15602,0
945961,1147400,1
812,10144,1
99861,299536,1
360920,218,0
287424,16081,0
159824,211672,1
1011985,634492,1
1234821,1106289,1
337167,336843,1
84336,16081,0
68726,268896,1
267860,146198,1
475946,552178,0
57800,774825,1
158015,238636,1
2566,14742,0
674,12444,1
899445,638597,0
524047,606234,1
16315,1106739,0
44239,83686,0
106,766507,1
332285,1245,0
615173,530254,1
550,807,1
1038392,423108,1
218,280,1
39312,553604,0
21778,17027,0
10010,9504,0
479,486131,1
1100988,842924,1
218,296,1
16214,444395,0
533535,383498,1
38,194,1
11821,127585,0
353081,955,1
447332,520763,1
9928,2048,1
857,424,1
58,166426,1
9502,15854,1
1234821,135397,1
34494,174671,0
411,1979,1
639988,59143,1
348,8078,1
216015,341174,1
80015,869,0
1730,768127,0
843527,844185,1
911430,1234821,1
5289,1422096,0
140607,1892,1
21208,8923,0
278154,774825,1
8967,10897,0
9502,140300,1
24,393,1
118,12155,1
46738,3591,0
2277,280092,0
403119,11976,0
854359,488623,0
13459,14005,0
99861,271110,1
872585,1363123,0
10191,82690,1
912649,580489,1
1087192,1100988,1
1232449,104634,1
26564,18476,0
9902,71672,1
220286,172385,0
673,14582,0
98,558449,1
169,8078,1
122917,49051,1
218,534,1
2309,65,0
11836,400160,1
103,203,1
762509,845781,1
9769,818,0
559,558,1
672,671,1
616037,10195,1
899112,877703,1
458156,245891,1
269149,293660,1
1261825,597,1
343611,75780,1
13503,16665,0
1035259,1242011,1
15592,10552,0
1114513,889737,1
50183,1410082,0
23720,766507,0
8355,57800,1
502356,713704,1
132923,499,0
1061474,575265,1
658,698,1
617126,1035259,1
466272,496243,1
673,675,1
1022256,497698,0
4935,12429,1
568124,508947,1
1010581,1156594,1
76600,19995,1
13186,125509,1
12155,6114,1
9021,13767,1
150540,105864,1
671,673,1
2502,324668,1
15912,8467,0
835551,976720,0
65,345940,0
346698,976573,1
138843,91586,1
47504,363088,0
632856,929340,1
603692,502356,1
660120,1103,0
156022,926393,1
1397832,371449,0
244786,194662,1
7515,726739,0
10665,583,0
1241436,1197306,1
49521,54138,1
9421,40649,0
1011985,49444,1
11470,11462,0
76341,99861,1
206647,36669,1
10193,301528,1
315162,76600,1
36670,657,1
673,12444,1
105,927,1
675,672,1
36251,50546,0
249260,567797,0
348,578,1
933260,533535,1
12309,39205,0
12656,10144,0
634524,41515,0
184,455839,0
297270,75258,1
4935,128,1
16270,936108,0
949,9366,1
810693,800939,0
12153,11852,1
106,34851,1
384682,1155089,0
74997,22404,0
575265,541671,1
5174,5175,1
1892,1891,1
657,710,1
10999,521329,0
475557,559969,1
37724,714,1
9340,2619,1
1290159,1236470,1
31283,1015602,0
1891,1894,1
1138194,1005331,1
1280450,14979,1
385687,385128,1
83533,376660,1
4923,9310,0
795,1041613,0
1249,11453,0
812583,546554,1
671,12444,1
767,674,1
1156593,1294203,1
718930,762504,1
569094,324857,1
23128,593035,0
18387,1654,0
299534,359364,0
574475,9532,1
538207,13285,0
862,585,1
28178,14306,1
39105,500,0
299536,99861,1
14199,615677,1
1087891,870028,1
713704,493529,1
348,8077,1
109445,326359,1
351286,329,1
766507,755566,1
11953,13767,0
14943,118957,0
477313,617126,0
10681,953,1
1061474,617126,1
398926,792001,0
10204,10014,0
10226,573171,0
601,578,1
8355,425,1
11801,2023,0
246655,320288,1
9501,1222248,0
36669,667,1
370172,710,1
863,9487,1
6477,55301,1
436969,451048,1
10510,11881,1
869,2668,1
11036,72570,1
823464,653346,1
415,268,1
429617,299534,1
32030,705996,0
59,8844,0
137116,162,0
36557,699,1
242828,13191,0
24402,22244,0
6877,8286,0
1865,285,1
105,165,1
7233,14410,0
210577,205596,1
81188,76492,1
73723,10307,0
11528,8645,0
291805,75656,1
379862,338762,0
10023,331482,0
28110,576784,0
400155,159824,1
1119878,1011477,1
15070,15255,1
9806,209189,0
329865,313369,1
980477,1155281,1
671,674,1
331482,10585,0
1086747,958006,1
1241982,1160956,1
941109,1267319,1
1892,1894,1
1726,1771,1
360920,51052,1
169,395,1
124470,117263,0
519182,93456,1
138103,27578,1
1010756,1241921,1
8961,9737,1
314065,371865,0
181812,1895,1
769,8913,1
12445,12444,1
1180831,14544,0
660,698,1
114150,254470,1
713704,649609,1
228150,49017,1
68718,37724,1
7859,27420,0
17362,58428,0
23629,1000837,0
321612,295693,1
2093,382127,0
667538,346698,1
37724,658,1
520758,7443,1
10681,10193,1
808,109445,1
1100988,1234821,1
744,361743,1
603204,11635,0
10144,851,0
505948,949,0
1726,562,1
14940,579,0
521777,413998,0
829280,416186,0
56292,955,1
927,928,1
1903,1140056,0
1175942,629542,1
4257,98,0
10651,9745,0
271110,293660,1
604685,449443,1
187,630220,0
9340,235,1
810,808,1
8587,862,1
466272,398978,1
11820,257091,0
19995,68721,1
16119,500919,0
2044,1011985,0
699,710,1
73861,5336,1
822119,100402,1
580,8588,0
660,36669,1
153518,513427,0
342464,27886,0
40815,570258,0
280,534,1
27094,415,0
11,1891,1
809,862,1
756999,629015,1
412547,4296,0
665139,38055,0
11652,246196,0
334,926,0
5925,4959,0
157845,1064024,0
38365,109418,1
295832,10572,0
513427,920081,0
12,127380,1
675,767,1
7555,14660,0
293,844417,0
597,9313,1
163,652483,0
32646,23202,0
26022,1023922,0
604079,986097,1
2502,49040,1
36557,658,1
707886,140607,0
414906,508947,1
396774,10177,0
489326,24982,0
950396,1126166,1
2330,2335,1
291805,325133,1
1621,90,1
37606,9260,0
8848,899112,0
1064213,1013850,1
11252,9453,0
280,290859,1
1242419,533533,1
258086,485296,0
814776,256030,0
6477,23398,1
1571,1572,1
285,1865,1
12657,27945,0
87101,534,1
508,455,1
539972,1249289,1
135397,329,1
1038392,338969,1
1979,9819,0
23570,505,0
14943,1247,0
1734,1735,1
787,163,1
324786,338766,1
98,857,1
9928,14175,1
426254,448119,0
22,1865,1
296096,222935,1
270946,953,1
1291712,1302916,0
23823,508,0
121,49051,1
10138,1724,1
401698,585245,0
926606,489170,0
206647,710,1
986097,1010756,1
348893,15255,1
634649,624860,1
125509,71672,1
9303,26598,0
39957,29244,0
122,120,1
374205,11910,0
2118,100,1
207,37165,1
8871,1624,1
13194,1043565,0
218,87502,1
1024530,25704,0
285,58,1
43469,1034062,0
11811,80278,0
218,534,1
105,218,1
24428,299534,1
285,9679,1
592831,10065,0
533535,573435,1
38757,62177,1
485166,9705,0
9806,260513,1
1069905,150540,1
283995,118340,1
552524,1263256,1
2501,2503,1
652962,1098160,0
660,714,1
728526,253310,0
1084199,1138194,1
809,810,1
315162,417859,1
911430,1061474,1
1156593,13728,0
574207,7010,0
101,335,1
9907,577922,0
36266,768127,0
649058,843633,0
454699,530157,0
807,77,1
118340,87428,0
558449,912649,1
438631,693134,1
862,10193,1
1705,599975,0
1151031,1285965,1
10269,345940,0
38,644,1
881,11259,1
557,1930,1
1230368,597,1
74997,37169,1
280,296,1
616037,438148,1
10494,348677,0
496243,475557,1
417028,1247019,0
473072,273248,0
280092,14623,0
807,274,1
4348,11036,1
110160,1308757,0
646389,24650,0
541671,1071585,1
338970,2750,0
980026,369781,0
399361,783675,0
812583,1995,1
26269,14325,0
393,1991,1
961420,36685,0
62211,62177,1
755,12776,0
150540,14160,1
211755,51481,0
1242419,1088166,1
603,120,1
39108,34433,1
1311031,552524,1
1126166,927342,1
114,4806,1
64635,539136,0
81188,140420,1
177572,228326,1
10719,11635,1
950387,1195506,1
10195,76338,1
465086,4974,0
10537,8681,0
22,58,1
557,558,1
569094,324857,1
24,184,1
1573,562,1
34843,338952,0
15121,16085,1
23483,7446,1
14788,8193,0
912649,1100782,1
454549,39967,0
694,600,1
11775,626393,0
313369,348,0
671,675,1
9804,2832,0
28209,37793,0
822119,1045938,1
1029281,61225,0
426962,79120,0
10629,521844,0
1035259,1175942,1
603692,697843,1
405774,405774,1
222230,216919,0
787,8909,1
246871,972230,0
129,4935,1
452551,21407,0
36679,6593,1
337676,437031,0
114168,115084,0
505642,436270,1
3595,370964,0
77805,843794,0
131631,70160,1
829557,664413,1
620,967847,1
1234821,507086,1
102382,1930,1
26949,421313,0
564,9738,1
11836,298016,1
15121,11113,1
117263,423204,1
24428,81005,1
2105,2770,1
73861,74997,1
361743,744,1
127585,320288,1
755898,1087192,1
64349,126889,0
218,11031,1
886083,290098,0
238,242,1
41171,630586,0
19995,27205,1
38557,284279,0
114958,51739,0
297762,315635,1
315162,758009,1
1865,41154,1
9666,617653,0
259695,10838,0
10719,5255,1
399057,299534,0
10764,37724,1
38199,400155,0
545330,7553,0
11000,519223,0
18457,1195518,0
206647,36643,1
512195,566525,1
564,1735,1
23047,20941,0
58925,9595,0
4248,4256,1
1086260,1319965,1
299536,284054,1
160768,43361,0
350,11036,1
1054867,760329,1
85,89,1
11650,792307,0
303857,5817,0
1174481,9614,0
9718,10775,0
18835,799766,0
769,2291,1
269173,10808,0
6977,7345,1
9437,14147,0
1037113,11518,0
157350,262504,1
574475,575265,1
11071,37498,0
507086,135397,1
150689,321612,1
597,106646,1
83533,597,1
428078,321666,0
37165,310,1
263472,688258,0
8871,2123,1
436969,297761,1
568124,524434,1
829557,829560,1
12761,1429744,0
3902,2654,0
9991,1001311,0
157350,262504,1
24167,15422,0
11836,228165,1
1586,12277,0
44741,592350,0
16869,273248,1
2502,2503,1
1241921,1010756,1
9767,259963,0
475557,889737,1
55779,9440,0
603,11452,1
533533,20526,1
5482,17965,0
36593,37136,1
586742,537915,0
27945,531299,0
13437,8645,0
135397,76341,1
81188,82690,1
13002,216282,0
23047,1024530,0
2671,21035,0
782936,26612,0
9358,55779,1
197,2024,1
269149,109445,1
333339,338970,1
9777,934433,0
27374,8487,0
10208,10874,1
13382,2611,0
10014,296524,0
181812,1892,1
1124,77,1
1116490,59457,0
640,3131,1
8966,812,1
986,13382,0
574475,9286,1
324558,55846,0
415,414,1
575265,955,1
1097549,1059128,1
98066,15487,0
44268,9885,0
83533,76600,1
658,714,1
660262,25643,0
329865,330459,1
333339,348350,1
840430,1056360,1
808,809,1
181886,28422,0
585744,21972,0
14161,62177,1
61930,11327,0
17993,848538,0
25475,13179,1
13223,926670,0
616037,284053,1
45772,10110,0
976573,1076364,1
335984,78,1
533,406,0
1440,755898,0
18892,9638,0
5825,11153,1
106646,64682,1
1306525,264660,0
20620,9989,0
324558,323660,0
9714,771,1
1184918,912649,1
359410,1022690,1
661374,593643,1
8130,982620,0
110415,387426,1
414419,9374,0
1262983,12530,0
2978,43074,1
10208,232175,0
17708,792001,0
630720,10870,0
760329,1086260,1
7485,9654,1
452557,417261,0
379686,11853,0
238,240,1
9686,565770,0
569499,394830,0
724717,536869,0
466272,492188,1
1035259,1078605,1
1029575,507532,1
123553,8583,0
6877,503736,0
674,767,1
28609,812635,0
81446,10627,0
36557,36669,1
166428,10191,1
75674,118663,0
455236,647245,0
492414,1161617,0
64328,435366,0
36670,714,1
36586,36647,1
19959,9665,1
35436,605,0
52454,20242,0
551332,27327,0
289720,521034,0
652,787,1
173731,10435,0
121,120,1
299054,27578,1
93858,428078,0
423108,259693,1
155,49026,1
129,496243,1
1069905,293660,1
429617,301528,1
100042,490,0
9286,55779,1
956,955,1
1181540,17796,1
812,42044,0
855,492616,0
414906,696806,1
1010581,1127166,1
1218925,9474,0
29805,741124,0
840430,976893,1
36834,117,0
677179,312221,1
35,2698,1
882059,707103,0
453395,284052,1
10895,19898,0
373449,9403,0
72387,9587,0
5156,296271,0
2493,583,1
1033148,42801,0
670,290098,1
562,847,1
2998,1705,0
4935,129,1
105864,2619,0
507086,616037,1
346910,458594,1
245168,381890,0
73456,27072,0
996821,207021,0
11978,11172,0
767,12444,1
258284,522518,0
299054,138103,1
21519,21521,1
910365,245842,0
43678,9086,0
1104845,9605,0
42044,583,0
803796,1311031,1
32593,1281826,0
29154,277,0
348893,38234,1
9444,6844,0
91314,335988,1
15276,329815,0
949,117,1
330457,326359,1
713704,758323,1
37724,36670,1
446807,80015,0
9544,12211,0
1022787,936108,1
85,87,1
541671,986056,1
536743,493922,0
133790,82390,0
10261,9885,0
11412,1624,0
11,1893,1
675,12444,1
186935,439079,0
755898,1234821,1
557,559,1
1242898,106,1
62835,49849,1
10437,11899,1
673,12444,1
872585,670292,1
1011985,823464,1
769,23631,1
41966,681349,0
20766,380,1
121,122,1
45317,680860,0
597856,800510,0
1895,1893,1
10539,316042,0
30694,13368,0
1724,38794,0
1064213,974576,1
575265,1098006,1
588228,4974,0
823464,967847,1
9714,134375,1
56292,177677,1
607259,877703,0
447365,569094,1
167,603692,0
1007734,615457,1
564,9334,1
1261825,264660,1
36557,10764,1
34480,280840,0
278,155,1
10567,6114,0
36685,1167027,0
361743,545611,1
1214931,946706,1
12445,12444,1
297762,283995,1
916740,15167,0
1197137,1230368,1
9474,415842,0
9462,64854,0
370172,36669,1
637693,9023,1
267193,191619,0
8088,13907,0
393,24,1
615457,634528,1
11324,77,1
767,675,1
5470,1863,0
786892,929590,1
772,771,1
1038392,1241921,1
604079,1010756,1
253310,199373,0
949,524,1
134375,654974,1
11932,393345,1
